CPL,LANCAMENTO,PERSONAGEM,ESTREIA,LEADS,VIEWS_DIA_ESTREIA,PCT
1,novembro 2024,ANJINHO,2024-11-04,41924,44917,107.14
1,julho 2024,SUPER ALPHA,2024-05-27,21835,21900,100.3
1,maio 2025,BRANCA DE NEVE,2025-05-12,60806,46971,77.25
1,agosto 2024,HARRY POP,2024-07-08,46273,32276,69.75
1,setembro 2024,CAPITÃO AMÉRICA,2024-09-09,60806,37424,61.55
1,junho 2026,MORANGUINHO,2026-06-08,65826,38378,58.3
1,setembro 2025,CHAPÉUZINHO,2025-09-08,41924,24172,57.66
1,julho 2026,FOFUXO AUAU (LC0426),2026-07-27,62866,35012,55.69
1,março 2026,BIANCA,2026-04-06,55347,30057,54.31
1,janeiro 2026,FOFUXO,2026-02-02,54196,24382,44.99
2,novembro 2024,ANJINHO,2024-11-05,41924,23579,56.24
2,julho 2024,SUPER ALPHA,2024-05-28,21835,10988,50.32
2,agosto 2024,HARRY POP,2024-07-09,46273,16468,35.59
2,maio 2025,BRANCA DE NEVE,2025-05-13,60806,21035,34.59
2,setembro 2025,CHAPÉUZINHO,2025-09-09,41924,14423,34.4
2,junho 2026,MORANGUINHO,2026-06-09,65826,19891,30.22
2,setembro 2024,CAPITÃO AMÉRICA,2024-09-10,60806,17938,29.5
2,março 2026,BIANCA,2026-04-07,55347,16161,29.2
2,janeiro 2026,FOFUXO,2026-02-03,54196,15177,28.0
3,novembro 2024,ANJINHO,2024-11-06,41924,20063,47.86
3,julho 2024,SUPER ALPHA,2024-05-29,21835,9269,42.45
3,setembro 2025,CHAPÉUZINHO,2025-09-10,41924,14194,33.86
3,agosto 2024,HARRY POP,2024-07-10,46273,13792,29.81
3,maio 2025,BRANCA DE NEVE,2025-05-14,60806,15291,25.15
3,janeiro 2026,FOFUXO,2026-02-04,54196,13380,24.69
3,junho 2026,MORANGUINHO,2026-06-10,65826,14636,22.23
3,setembro 2024,CAPITÃO AMÉRICA,2024-09-11,60806,12579,20.69
3,março 2026,BIANCA,2026-04-08,55347,10028,18.12
4,julho 2024,SUPER ALPHA,2024-05-30,21835,9571,43.83
4,novembro 2024,ANJINHO,2024-11-07,41924,15265,36.41
4,setembro 2025,CHAPÉUZINHO,2025-09-11,41924,12167,29.02
4,maio 2025,BRANCA DE NEVE,2025-05-15,60806,16666,27.41
4,agosto 2024,HARRY POP,2024-07-11,46273,12434,26.87
4,junho 2026,MORANGUINHO,2026-06-11,65826,14868,22.59
4,setembro 2024,CAPITÃO AMÉRICA,2024-09-12,60806,12898,21.21
4,janeiro 2026,FOFUXO,2026-02-05,54196,8464,15.62
4,março 2026,BIANCA,2026-04-09,55347,8206,14.83
