TIMESTAMP,LANCAMENTO,TAG,CPL,VIDEO_ID,HORA_DESDE_PUBLICACAO,VIEWS,LIKES,COMENTARIOS,PCT_VIEWS
2026-07-27 17:59:56,LC0426,fofuxos,1,JOtdJFuVKLg,9,18306,3409,541,
2026-07-27 18:06:30,LC0426,fofuxos,1,JOtdJFuVKLg,10,18476,3431,543,0.293895
2026-07-27 18:11:29,LC0426,fofuxos,1,JOtdJFuVKLg,10,18637,3463,546,0.296456
2026-07-27 19:38:00,LC0426,fofuxos,1,JOtdJFuVKLg,11,21266,3925,621,0.338275
2026-07-27 19:38:52,LC0426,fofuxos,1,JOtdJFuVKLg,11,21341,3928,621,0.339468
2026-07-27 19:39:53,LC0426,fofuxos,1,JOtdJFuVKLg,11,21341,3931,621,0.339468
2026-07-27 20:02:44,LC0426,fofuxos,1,JOtdJFuVKLg,12,21871,4026,641,0.347899
2026-07-27 23:38:09,LC0426,fofuxos,1,JOtdJFuVKLg,15,30221,4537,712,0.480721
2026-07-28 02:47:20,LC0426,fofuxos,1,JOtdJFuVKLg,18,34056,4630,732,0.541724
2026-07-28 05:35:53,LC0426,fofuxos,1,JOtdJFuVKLg,21,34887,4657,737,0.554942
2026-07-28 08:18:34,LC0426,fofuxos,1,JOtdJFuVKLg,24,35285,4754,747,0.561273
2026-07-28 11:09:45,LC0426,fofuxos,1,JOtdJFuVKLg,27,36666,5030,776,0.583241
2026-07-28 13:40:55,LC0426,fofuxos,1,JOtdJFuVKLg,29,39629,5233,799,0.630373
2026-07-28 15:14:43,LC0426,fofuxos,1,JOtdJFuVKLg,31,41554,5371,809,0.660993
2026-07-28 17:15:53,LC0426,fofuxos,1,JOtdJFuVKLg,33,44126,5513,822,0.701906
2026-07-28 19:04:54,LC0426,fofuxos,1,JOtdJFuVKLg,35,46358,5639,834,0.737410
2026-07-28 20:58:31,LC0426,fofuxos,1,JOtdJFuVKLg,36,48526,5789,845,0.771896
2026-07-29 00:27:36,LC0426,fofuxos,1,JOtdJFuVKLg,40,52641,5991,853,0.837352
2026-07-29 03:32:08,LC0426,fofuxos,1,JOtdJFuVKLg,43,54810,6018,853,0.871854
2026-07-29 06:37:52,LC0426,fofuxos,1,JOtdJFuVKLg,46,55158,6054,855,0.877390
2026-07-29 09:01:36,LC0426,fofuxos,1,JOtdJFuVKLg,49,55494,6151,858,0.882735
2026-07-29 12:30:57,LC0426,fofuxos,1,JOtdJFuVKLg,52,57545,6325,866,0.915360
2026-07-29 14:16:14,LC0426,fofuxos,1,JOtdJFuVKLg,54,58972,6425,871,0.938059
2026-07-29 16:18:01,LC0426,fofuxos,1,JOtdJFuVKLg,56,60656,6519,892,0.964846
2026-07-29 17:57:17,LC0426,fofuxos,1,JOtdJFuVKLg,57,62281,6588,899,0.990694
2026-07-29 19:05:37,LC0426,fofuxos,1,JOtdJFuVKLg,59,63243,6640,905,1.005997
2026-07-29 21:01:15,LC0426,fofuxos,1,JOtdJFuVKLg,61,65069,6739,908,1.035043
2026-07-30 00:57:36,LC0426,fofuxos,1,JOtdJFuVKLg,64,68467,6862,916,1.089094
2026-07-30 03:35:07,LC0426,fofuxos,1,JOtdJFuVKLg,67,69413,6867,917,1.104142
2026-07-30 06:32:04,LC0426,fofuxos,1,JOtdJFuVKLg,70,69622,6877,917,1.107467
2026-07-30 08:52:32,LC0426,fofuxos,1,JOtdJFuVKLg,72,69865,6940,919,1.111332
2026-07-30 11:05:17,LC0426,fofuxos,1,JOtdJFuVKLg,75,70554,7014,922,1.122292
2026-07-30 13:27:36,LC0426,fofuxos,1,JOtdJFuVKLg,77,71854,7084,925,1.142971
2026-07-30 14:10:39,LC0426,fofuxos,1,JOtdJFuVKLg,78,72228,7112,926,1.148920
